2.674995719786644486e+02,-1.455812499999999954e-01,3.964694431779530910e-03,3.964694431779530910e-03,8.857535830916212660e+01,1.189408329533859221e-01,0.000000000000000000e+00,-9.250042802133555142e+01
2.743509687499999927e+02,4.464875000000000371e-01,5.782985841440031402e-03,5.782985841440031402e-03,3.301723660738871757e+01,1.734895752432009386e-01,0.000000000000000000e+00,-8.564903125000000728e+01
2.554316803369879949e+02,5.969832707405090533e-01,7.314961903618721548e-03,7.314961903618721548e-03,1.165357764400454244e-01,2.194488571085616568e-01,0.000000000000000000e+00,-1.045683196630120051e+02
2.902081880203962783e+02,-4.598640624999998927e-01,4.454698275749212517e-03,4.454698275749212517e-03,7.622894332124197092e+01,1.336409482724763842e-01,0.000000000000000000e+00,-6.979181197960372174e+01
2.803190067234625076e+02,-9.474982954545455582e-01,5.928619495257247962e-03,5.928619495257247962e-03,3.366681954041178670e+01,1.778585848577174389e-01,0.000000000000000000e+00,-7.968099327653749242e+01
2.588471093744277596e+02,1.529916749739647086e+00,3.768146018657314404e-03,3.768146018657314404e-03,6.885669439999966812e+01,1.130443805597194373e-01,0.000000000000000000e+00,-1.011528906255722404e+02
2.660852612452532640e+02,-6.600755511979797818e-01,6.996671739245956430e-03,6.996671739245956430e-03,6.702093023947530526e+01,2.099001521773787016e-01,0.000000000000000000e+00,-9.391473875474673605e+01
2.578827098470393935e+02,8.384941584073579701e-01,2.907047066081685539e-03,2.907047066081685539e-03,4.003603530773913377e+01,8.721141198245056791e-02,0.000000000000000000e+00,-1.021172901529606065e+02
1.946333836816787510e+01,-2.318537351250647749e+00,4.539457234863604473e-03,4.539457234863604473e-03,3.786955948785425363e+01,1.361837170459081481e-01,0.000000000000000000e+00,1.946333836816787510e+01
2.472564625003338179e+01,-2.830845937472581841e+00,3.870209888499401979e-03,3.870209888499401979e-03,5.050767074336651774e+01,1.161062966549820663e-01,0.000000000000000000e+00,2.472564625003338179e+01
2.620481712760924893e+02,3.270325155258178018e-01,3.929391922227675263e-03,3.929391922227675263e-03,4.956116856870969656e+01,1.178817576668302614e-01,0.000000000000000000e+00,-9.795182872390751072e+01
2.562530108581715922e+02,1.064089772900667974e+00,1.397028442214305437e-02,1.397028442214305437e-02,2.557782479508894369e+01,4.191085326642916553e-01,0.000000000000000000e+00,-1.037469891418284078e+02
2.583919033526956355e+02,-4.782855471454559027e-01,5.442425907195357765e-03,5.442425907195357765e-03,4.357472223748671070e+01,1.632727772158607260e-01,0.000000000000000000e+00,-1.016080966473043645e+02
2.622514099242856673e+02,5.730385659652851293e-01,2.337927262847929247e-02,2.337927262847929247e-02,5.199478221325168903e+01,7.013781788543788087e-01,0.000000000000000000e+00,-9.774859007571433267e+01
2.558391436107635855e+02,1.144179999995231567e+00,4.346678474134487401e-03,4.346678474134487401e-03,5.665571622590138645e+01,1.304003542240346203e-01,0.000000000000000000e+00,-1.041608563892364145e+02
2.767749284562891603e+02,4.463948785174978555e-03,3.873154899842023557e-03,3.873154899842023557e-03,6.311033584261681284e+01,1.161946469952607058e-01,0.000000000000000000e+00,-8.322507154371083971e+01
4.560186607306343731e+00,2.946416071428572092e+00,2.484701138649048589e-03,2.484701138649048589e-03,6.016864937925983270e+01,7.454103415947145594e-02,0.000000000000000000e+00,4.560186607306343731e+00
2.807230159726460670e+02,1.347625000000000073e-01,1.149483553664356304e-02,1.149483553664356304e-02,5.269235977403790372e+01,3.448450660993068739e-01,0.000000000000000000e+00,-7.927698402735393302e+01
2.799807150847329353e+02,3.860597222195731315e-01,5.378518206226444442e-03,5.378518206226444442e-03,2.607142034381609363e+01,1.613555461867933194e-01,0.000000000000000000e+00,-8.001928491526706466e+01
3.765506250190734594e+00,-2.451610714285714199e+00,4.126946213037083026e-03,4.126946213037083026e-03,6.517675684034151118e+01,1.238083863911124960e-01,0.000000000000000000e+00,3.765506250190734594e+00
2.422164628484079429e+01,-1.628712297115529894e+00,4.270860198559624059e-03,4.270860198559624059e-03,5.910661062214017392e+01,1.281258059567887131e-01,0.000000000000000000e+00,2.422164628484079429e+01
3.100063452388218721e+01,-1.959633928570576611e+00,3.816115923115114428e-03,3.816115923115114428e-03,5.387321267588086471e+01,1.144834776934534337e-01,0.000000000000000000e+00,3.100063452388218721e+01
2.569867213440417686e+02,8.680244526669381733e-01,4.529103694852989852e-03,4.529103694852989852e-03,1.893270775445114751e+01,1.358731108455897008e-01,0.000000000000000000e+00,-1.030132786559582314e+02
2.585428862914657770e+02,2.987249999999999975e-02,4.127303224617297553e-03,4.127303224617297553e-03,6.459900995732253648e+01,1.238190967385189301e-01,0.000000000000000000e+00,-1.014571137085342230e+02
2.578233673329762610e+02,8.256558213762937859e-01,3.304009225076207350e-03,3.304009225076207350e-03,4.519868307761862525e+01,9.912027675228622658e-02,0.000000000000000000e+00,-1.021766326670237390e+02
2.774523453854203581e+02,-8.545159936070442219e-01,4.592315177967523122e-03,4.592315177967523122e-03,3.493556522634102635e+01,1.377694553390256815e-01,0.000000000000000000e+00,-8.254765461457964193e+01
2.606589602914429520e+02,-3.458286000394821258e-01,4.852820246226722048e-03,4.852820246226722048e-03,5.918239131582055990e+01,1.455846073868016510e-01,0.000000000000000000e+00,-9.934103970855704802e+01
2.582900000489552284e+01,-2.386521271896363317e+00,5.012258603395016582e-03,5.012258603395016582e-03,3.502808462350684948e+01,1.503677581018504905e-01,0.000000000000000000e+00,2.582900000489552284e+01
2.692532974985123246e+02,-5.260900050327181610e-02,3.798127266671936370e-03,3.798127266671936370e-03,8.622841480158443517e+01,1.139438180001580980e-01,0.000000000000000000e+00,-9.074670250148767536e+01
2.590920848954201006e+02,1.217268749999999899e+00,4.028049134023458690e-03,4.028049134023458690e-03,7.819662026299546653e+01,1.208414740207037624e-01,0.000000000000000000e+00,-1.009079151045798994e+02
2.663159998068491063e+02,-4.802626389185586930e-01,4.821226465009804604e-03,4.821226465009804604e-03,2.464210675876701728e+01,1.446367939502941347e-01,0.000000000000000000e+00,-9.368400019315089367e+01
2.765117165657566716e+02,5.973923387062165524e-01,5.323247119091691938e-03,5.323247119091691938e-03,7.616624046824740901e+01,1.596974135727507460e-01,0.000000000000000000e+00,-8.348828343424332843e+01
3.583439045956610585e+02,-3.979539705884457046e+00,4.063384650187156465e-03,4.063384650187156465e-03,7.722940418191554102e+01,1.219015395056146922e-01,0.000000000000000000e+00,-1.656095404338941535e+00
2.418643920833588368e+01,2.242989199991225924e+00,5.071782729449868070e-03,5.071782729449868070e-03,4.450097724845391411e+01,1.521534818834960334e-01,0.000000000000000000e+00,2.418643920833588368e+01
2.928754255481132418e+01,2.551160893352673931e+00,3.830020189789346951e-03,3.830020189789346951e-03,6.558827782720754840e+01,1.149006056936804077e-01,0.000000000000000000e+00,2.928754255481132418e+01
2.557543038628442744e+01,1.381217658727083908e+00,4.093120624181505532e-03,4.093120624181505532e-03,6.256006237630604971e+01,1.227936187254451694e-01,0.000000000000000000e+00,2.557543038628442744e+01
2.691423520834241572e+02,-1.307098809977940146e+00,1.103207947025713551e-02,1.103207947025713551e-02,5.432373324944905590e+01,3.309623841077140582e-01,0.000000000000000000e+00,-9.085764791657584283e+01
1.856796741057804567e+01,-1.781905357142857138e+00,2.316880916749595402e-03,2.316880916749595402e-03,7.226973286974707378e+01,6.950642750248786639e-02,0.000000000000000000e+00,1.856796741057804567e+01
7.688680208015441941e+00,-1.619950000059604767e+00,9.413909425241125117e-03,9.413909425241125117e-03,5.274684264992334448e+01,2.824172827572337674e-01,0.000000000000000000e+00,7.688680208015441941e+00
2.772269988638964264e+02,4.172886363636363893e-01,3.621903352976610282e-03,3.621903352976610282e-03,4.860518817757187549e+01,1.086571005892983111e-01,0.000000000000000000e+00,-8.277300113610357357e+01
2.555270320381371505e+02,5.879890202623765383e-01,7.175126352111934648e-03,7.175126352111934648e-03,5.306117640466997898e+01,2.152537905633580273e-01,0.000000000000000000e+00,-1.044729679618628495e+02
2.624645708959926083e+02,3.853875000000000495e-01,1.943084560094151744e-02,1.943084560094151744e-02,4.741224069021358645e+01,5.829253680282455718e-01,0.000000000000000000e+00,-9.753542910400739174e+01
3.109106223691610182e+01,2.128492948216314407e+00,3.916490990115409701e-03,3.916490990115409701e-03,-2.557229666307678784e+01,1.174947297034622945e-01,0.000000000000000000e+00,3.109106223691610182e+01
2.756349290731089923e+02,-5.083646972500851513e-01,3.054133160491175145e-03,3.054133160491175145e-03,4.326880236405673941e+01,9.162399481473525176e-02,0.000000000000000000e+00,-8.436507092689100773e+01
2.775501886110305350e+02,-1.573250000000000259e+00,4.984838565723352828e-03,4.984838565723352828e-03,5.418611050265373308e+01,1.495451569717005935e-01,0.000000000000000000e+00,-8.244981138896946504e+01
5.705217067872715653e+00,2.305878768034565152e+00,3.772857913028666681e-03,3.772857913028666681e-03,7.308004796795904667e+01,1.131857373908600056e-01,0.000000000000000000e+00,5.705217067872715653e+00
2.571692022766783907e+02,1.432643783577719709e+00,8.187620206903006501e-03,8.187620206903006501e-03,5.767790645156136975e+01,2.456286062070902054e-01,0.000000000000000000e+00,-1.028307977233216093e+02
2.585337226888656232e+02,1.209327679157256724e-01,2.832283697942146461e-03,2.832283697942146461e-03,6.604204931148724711e+01,8.496851093826439383e-02,0.000000000000000000e+00,-1.014662773111343768e+02
2.985282734360693979e+01,1.816678124999999921e+00,3.173781757398455670e-03,3.173781757398455670e-03,5.121814540484533751e+01,9.521345272195366749e-02,0.000000000000000000e+00,2.985282734360693979e+01
2.554193357407734482e+02,6.964430607697058573e-01,1.027886479953779922e-02,1.027886479953779922e-02,6.306767383635434499e+01,3.083659439861339835e-01,0.000000000000000000e+00,-1.045806642592265518e+02
2.724737802080042002e+02,2.154875000000000262e-01,3.540233241680960669e-03,3.540233241680960669e-03,4.905974067499251845e+01,1.062069972504288140e-01,0.000000000000000000e+00,-8.752621979199579982e+01
5.555251482332669966e+00,2.381140016031875639e+00,3.452013000480888202e-03,3.452013000480888202e-03,-7.114901198280684014e+00,1.035603900144266426e-01,0.000000000000000000e+00,5.555251482332669966e+00
4.716327120971678610e+00,3.013645610717534229e+00,4.968419695621572457e-03,4.968419695621572457e-03,7.327831878636760621e+01,1.490525908686471668e-01,0.000000000000000000e+00,4.716327120971678610e+00
5.658496875095367251e+00,-1.066840624999999987e+00,5.097652199985633348e-03,5.097652199985633348e-03,4.958246836909777500e+01,1.529295659995690004e-01,0.000000000000000000e+00,5.658496875095367251e+00
2.700484276905537513e+02,-1.057871874999999795e+00,4.365826614471529817e-03,4.365826614471529817e-03,5.852583427352376333e+01,1.309747984341458893e-01,0.000000000000000000e+00,-8.995157230944624871e+01
2.603218748696327225e+02,9.854390624418855049e-01,6.099211212838595055e-03,6.099211212838595055e-03,6.433221934430349620e+01,1.829763363851578395e-01,0.000000000000000000e+00,-9.967812513036727751e+01
2.176965178571428350e+00,-3.530769643327168250e+00,3.159741056496607504e-03,3.159741056496607504e-03,6.181272956185954115e+01,9.479223169489822687e-02,0.000000000000000000e+00,2.176965178571428350e+00
2.544184181029878999e+01,-2.856171012963304001e+00,3.174678642184051384e-03,3.174678642184051384e-03,1.510300674164621526e+01,9.524035926552154585e-02,0.000000000000000000e+00,2.544184181029878999e+01
2.663375299367731941e+02,-7.334376136292110049e-01,4.227185860489955822e-03,4.227185860489955822e-03,4.157842435545817494e+01,1.268155758146986833e-01,0.000000000000000000e+00,-9.366247006322680591e+01
2.763615395668280144e+02,5.226134867705796161e-01,5.114521510866343497e-03,5.114521510866343497e-03,6.906653245372903882e+01,1.534356453259902997e-01,0.000000000000000000e+00,-8.363846043317198564e+01
3.053378281248978610e+01,-2.547702232142857515e+00,3.283118959957924583e-03,3.283118959957924583e-03,3.121428504310600971e+01,9.849356879873773229e-02,0.000000000000000000e+00,3.053378281248978610e+01
2.753508491231281710e+02,3.048555555555554908e-01,4.335020531780577231e-03,4.335020531780577231e-03,6.731484662738492375e+01,1.300506159534173256e-01,0.000000000000000000e+00,-8.464915087687182904e+01
4.566031140287297951e+00,3.088895600322673296e+00,5.203219669830667742e-03,5.203219669830667742e-03,4.399109164871782696e+01,1.560965900949200236e-01,0.000000000000000000e+00,4.566031140287297951e+00
2.747068310130119926e+02,-1.988107954545454692e-01,7.626315590333485051e-03,7.626315590333485051e-03,6.061972104641456838e+01,2.287894677100045515e-01,0.000000000000000000e+00,-8.529316898698800742e+01
2.585876002459991696e+01,-2.400159564021322023e+00,4.340777038109247185e-03,4.340777038109247185e-03,3.844810782704104213e+01,1.302233111432774260e-01,0.000000000000000000e+00,2.585876002459991696e+01
2.781897528408917424e+02,1.383545446575365490e-02,3.478003419980661703e-03,3.478003419980661703e-03,4.562357730894039776e+01,1.043401025994198511e-01,0.000000000000000000e+00,-8.181024715910825762e+01
2.810250067988135356e+02,-8.936602272727273144e-01,3.584559122257560595e-03,3.584559122257560595e-03,5.902233847659763200e+01,1.075367736677268204e-01,0.000000000000000000e+00,-7.897499320118646438e+01
2.722465002603232733e+02,-8.248281250000004394e-02,5.702988506746541411e-03,5.702988506746541411e-03,6.374207812293339970e+01,1.710896552023962458e-01,0.000000000000000000e+00,-8.775349973967672668e+01
2.924634969651794449e+02,4.455936705970765521e-01,3.454173474575024296e-03,3.454173474575024296e-03,7.310451158003951377e+01,1.036252042372507315e-01,0.000000000000000000e+00,-6.753650303482055506e+01
2.562478516924857672e+02,6.816971595070579759e-02,3.667688261204272732e-03,3.667688261204272732e-03,1.022879467192321243e+02,1.100306478361281759e-01,0.000000000000000000e+00,-1.037521483075142328e+02
2.801309168461174863e+02,4.609482757042193124e-01,4.837007367852043035e-03,4.837007367852043035e-03,4.472253220899630577e+01,1.451102210355612876e-01,0.000000000000000000e+00,-7.986908315388251367e+01
2.863977506567703699e+02,-1.275657814427428411e-03,2.246461528348888542e-02,2.246461528348888542e-02,7.824782999157488916e+01,6.739384585046666043e-01,0.000000000000000000e+00,-7.360224934322963009e+01
2.621979837027764120e+02,2.520421370542818007e-01,5.206977124835327625e-03,5.206977124835327625e-03,5.678667166522605214e+01,1.562093137450598357e-01,0.000000000000000000e+00,-9.780201629722358803e+01
2.578002685761928205e+02,8.658213541984557393e-01,4.248255398732720713e-03,4.248255398732720713e-03,3.254124726866965034e+01,1.274476619619816231e-01,0.000000000000000000e+00,-1.021997314238071795e+02
2.649463461585521600e+02,-1.059405156408250281e+00,4.812990494416825686e-03,4.812990494416825686e-03,5.299001719139950239e+01,1.443897148325047619e-01,0.000000000000000000e+00,-9.505365384144784002e+01
2.759749279014859553e+02,-1.056557499905995012e+00,3.269962047746631257e-03,3.269962047746631257e-03,3.956602967693684292e+01,9.809886143239893164e-02,0.000000000000000000e+00,-8.402507209851404468e+01
7.379378124999999677e+00,2.497737499999999944e+00,4.014026896792559883e-03,4.014026896792559883e-03,4.345087166604192674e+01,1.204208069037767947e-01,0.000000000000000000e+00,7.379378124999999677e+00
2.598749472605599635e+02,3.134388888888888225e-01,4.839195380909648569e-03,4.839195380909648569e-03,4.271786473752330693e+01,1.451758614272894432e-01,0.000000000000000000e+00,-1.001250527394400365e+02
2.874089387496948120e+02,-1.308532000303268550e+00,3.219010262765462614e-03,3.219010262765462614e-03,7.151336101986171911e+01,9.657030788296387669e-02,0.000000000000000000e+00,-7.259106125030518797e+01
6.739163020833332851e+00,3.071775000000000144e+00,4.744515292039251653e-03,4.744515292039251653e-03,-3.550737879281533083e+01,1.423354587611775357e-01,0.000000000000000000e+00,6.739163020833332851e+00
8.444506423187254640e+00,-7.339249999999999385e-01,8.232976110261627442e-03,8.232976110261627442e-03,4.926275371023795202e+01,2.469892833078488337e-01,0.000000000000000000e+00,8.444506423187254640e+00
2.564281601117815512e+02,9.523893301836082737e-01,1.172793735019464836e-02,1.172793735019464836e-02,1.401618396558181523e+01,3.518381205058394579e-01,0.000000000000000000e+00,-1.035718398882184488e+02
3.105446142861502068e+01,-2.298363285768031616e+00,3.497029099492334966e-03,3.497029099492334966e-03,9.175303035337638136e+00,1.049108729847700455e-01,0.000000000000000000e+00,3.105446142861502068e+01
3.124094598767258191e+01,2.203283137992647855e+00,3.935126770522074692e-03,3.935126770522074692e-03,-2.670443983286034495e+01,1.180538031156622425e-01,0.000000000000000000e+00,3.124094598767258191e+01
2.557063267868041976e+02,6.347843756556511563e-01,1.014446573274530722e-02,1.014446573274530722e-02,7.701538576565971539e+01,3.043339719823592304e-01,0.000000000000000000e+00,-1.042936732131958024e+02
2.642734360921086818e+02,-3.298172298225196530e-01,6.177370029929033814e-03,6.177370029929033814e-03,4.191112880457341561e+01,1.853211008978710161e-01,0.000000000000000000e+00,-9.572656390789131819e+01
2.864119406249999997e+02,-5.201062500000001032e-01,5.196535743957788125e-03,5.196535743957788125e-03,4.801012847099777758e+01,1.558960723187336472e-01,0.000000000000000000e+00,-7.358805937500000027e+01
2.835753312499999197e+02,-4.415749999999999953e-01,8.088741208725934093e-03,8.088741208725934093e-03,3.481209614458598622e+01,2.426622362617780193e-01,0.000000000000000000e+00,-7.642466875000008031e+01
3.598248993461381815e+02,4.393327281125387174e+00,4.052813511845224786e-03,4.052813511845224786e-03,-6.043745739064885214e+01,1.215844053553567505e-01,0.000000000000000000e+00,-1.751006538618185004e-01
2.568366229166984454e+02,7.934408748865127148e-01,4.459480303876773612e-03,4.459480303876773612e-03,4.387158788646046048e+01,1.337844091163032101e-01,0.000000000000000000e+00,-1.031633770833015546e+02
2.660782217039454736e+02,5.250615906541997724e-01,4.231994078696724691e-03,4.231994078696724691e-03,6.607003398436268071e+01,1.269598223609017529e-01,0.000000000000000000e+00,-9.392177829605452644e+01
2.860840343750000443e+02,-1.434512500000000079e+00,7.965094630939856604e-03,7.965094630939856604e-03,3.967555105965963236e+01,2.389528389281956877e-01,0.000000000000000000e+00,-7.391596562499995571e+01
2.665239437500953841e+02,-6.268749999999998282e-03,7.282671222657496717e-03,7.282671222657496717e-03,4.797542018465048130e+01,2.184801366797249067e-01,0.000000000000000000e+00,-9.347605624990461592e+01
2.562780178975017975e+02,1.443214772727272610e+00,3.312275108704243898e-03,3.312275108704243898e-03,6.066067215017442038e+01,9.936825326112731782e-02,0.000000000000000000e+00,-1.037219821024982025e+02
2.695075841580255087e+02,-7.954165829251916842e-01,6.840344389508599791e-03,6.840344389508599791e-03,7.772509168806571722e+01,2.052103316852579851e-01,0.000000000000000000e+00,-9.049241584197449129e+01
3.098502171180804865e+01,-1.945686635650091256e+00,3.752187112567193991e-03,3.752187112567193991e-03,6.155630147660502161e+01,1.125656133770158163e-01,0.000000000000000000e+00,3.098502171180804865e+01
2.568821549160003883e+02,1.495032210834209563e+00,9.927544594721428306e-03,9.927544594721428306e-03,6.078432369688637493e+01,2.978263378416428631e-01,0.000000000000000000e+00,-1.031178450839996117e+02
2.748573114968618256e+02,-2.734248611661294071e-01,7.616946654388214062e-03,7.616946654388214062e-03,6.235206056262310881e+01,2.285083996316464305e-01,0.000000000000000000e+00,-8.514268850313817438e+01
2.760480679084906797e+02,3.330197115329595614e-01,3.975957116597640846e-03,3.975957116597640846e-03,5.222536589830014719e+01,1.192787134979292202e-01,0.000000000000000000e+00,-8.395193209150932034e+01
1.784068489532470636e+01,-1.023195937705039915e+00,4.486735757541189008e-03,4.486735757541189008e-03,5.154444160209067149e+01,1.346020727262356720e-01,0.000000000000000000e+00,1.784068489532470636e+01
1.133456505687020055e+01,2.479339772727272351e+00,2.573446613278270682e-03,2.573446613278270682e-03,6.823966243445892133e+01,7.720339839834812479e-02,0.000000000000000000e+00,1.133456505687020055e+01
2.624279785775381697e+02,4.111560344186321325e-01,1.856728185334145104e-02,1.856728185334145104e-02,-4.030406866216871720e+01,5.570184556002435450e-01,0.000000000000000000e+00,-9.757202142246183030e+01
2.556772180938932877e+02,5.125644675572714748e-01,8.086248378147522717e-03,8.086248378147522717e-03,8.167924956326842789e+01,2.425874513444256919e-01,0.000000000000000000e+00,-1.043227819061067123e+02
2.804692400713854568e+02,-8.722277500974722209e-01,6.269972087298909813e-03,6.269972087298909813e-03,4.205133629886077529e+01,1.880991626189673083e-01,0.000000000000000000e+00,-7.953075992861454324e+01
3.055760761718750018e+01,-2.604327851583064124e+00,3.459588017311579673e-03,3.459588017311579673e-03,3.869750976697196165e+01,1.037876405193473850e-01,0.000000000000000000e+00,3.055760761718750018e+01
2.651043361215518530e+02,-1.152247043506915647e+00,3.368312573277149318e-03,3.368312573277149318e-03,4.484662798670565564e+01,1.010493771983144856e-01,0.000000000000000000e+00,-9.489566387844814699e+01
9.861362906169890863e+00,-1.073302125024795384e+00,2.941610998967459853e-03,2.941610998967459853e-03,5.506011206953930071e+01,8.824832996902379212e-02,0.000000000000000000e+00,9.861362906169890863e+00
2.619904330357960021e+02,1.194203567811421146e-01,3.768919086704284292e-03,3.768919086704284292e-03,5.021120979947323093e+01,1.130675726011285270e-01,0.000000000000000000e+00,-9.800956696420399794e+01
1.046492780307639947e+01,1.946727796262231358e+00,3.555317148370399846e-03,3.555317148370399846e-03,-8.655549121403389279e+00,1.066595144511119919e-01,0.000000000000000000e+00,1.046492780307639947e+01
5.486714843988419466e-01,4.080334374997020674e+00,4.015346552045076685e-03,4.015346552045076685e-03,6.922395740547375453e+01,1.204603965613522953e-01,0.000000000000000000e+00,5.486714843988419466e-01
2.741718738277435250e+02,5.953329686999321302e-01,5.264167016597392015e-03,5.264167016597392015e-03,3.589925808997472956e+01,1.579250104979217639e-01,0.000000000000000000e+00,-8.582812617225647500e+01
2.573820179442756739e+02,1.245454276275634653e+00,9.141024354663620718e-03,9.141024354663620718e-03,5.087673401608826396e+01,2.742307306399086042e-01,0.000000000000000000e+00,-1.026179820557243261e+02
2.812395679567951561e+02,-3.997034476249449186e-01,3.492881448658503342e-03,3.492881448658503342e-03,6.147617326346912137e+01,1.047864434597551020e-01,0.000000000000000000e+00,-7.876043204320484392e+01
2.773023409442902221e+02,-9.297818750381471320e-01,4.307149539070459845e-03,4.307149539070459845e-03,2.039724233314014867e+01,1.292144861721137850e-01,0.000000000000000000e+00,-8.269765905570977793e+01
2.664252985899643704e+02,-5.923441177480361919e-01,4.399912359954724628e-03,4.399912359954724628e-03,4.565106428433039554e+01,1.319973707986417388e-01,0.000000000000000000e+00,-9.357470141003562958e+01
2.641232355653353920e+02,-4.048894643306732988e-01,6.445269692080189163e-03,6.445269692080189163e-03,5.337159040972138513e+01,1.933580907624056766e-01,0.000000000000000000e+00,-9.587676443466460796e+01
9.194809374976159688e+00,1.087520703005790512e+00,2.784076397124720607e-03,2.784076397124720607e-03,6.798339501222778836e+01,8.352229191374162254e-02,0.000000000000000000e+00,9.194809374976159688e+00
2.664874912466287356e+02,-6.587429687500000464e-01,4.160759961563407876e-03,4.160759961563407876e-03,3.965493044625774388e+01,1.248227988469022415e-01,0.000000000000000000e+00,-9.351250875337126445e+01
8.032316369002204581e+00,-7.467000000042574026e-01,8.140018446303036795e-03,8.140018446303036795e-03,4.691880307493118352e+01,2.442005533890911073e-01,0.000000000000000000e+00,8.032316369002204581e+00
2.890085562499999696e+02,-1.992999999999999772e-01,6.428122176811611015e-03,6.428122176811611015e-03,4.636490930662208854e+01,1.928436653043483218e-01,0.000000000000000000e+00,-7.099144375000003038e+01
2.627158071748097541e+02,6.009166666666667517e-02,1.036362883884727783e-02,1.036362883884727783e-02,4.904601359935443838e+01,3.109088651654183244e-01,0.000000000000000000e+00,-9.728419282519024591e+01
2.595730624999999918e+02,1.130549999999999944e+00,2.530732071162287815e-03,2.530732071162287815e-03,5.967615364836757408e+01,7.592196213486863965e-02,0.000000000000000000e+00,-1.004269375000000082e+02
2.606257881503581757e+02,1.457003124999999732e+00,4.743798347465954905e-03,4.743798347465954905e-03,5.188739661885768584e+01,1.423139504239786524e-01,0.000000000000000000e+00,-9.937421184964182430e+01
2.561238350888797299e+02,1.490480892808096813e+00,3.499865477449826210e-03,3.499865477449826210e-03,5.635162706941832766e+01,1.049959643234947837e-01,0.000000000000000000e+00,-1.038761649111202701e+02
2.693605981819629278e+02,-4.566343749999999813e-01,8.064429194076318946e-03,8.064429194076318946e-03,4.654874571606576694e+01,2.419328758222895615e-01,0.000000000000000000e+00,-9.063940181803707219e+01
2.760842366947520645e+02,-9.745959659012881637e-01,4.310721188410877175e-03,4.310721188410877175e-03,4.968710536755714458e+01,1.293216356523263222e-01,0.000000000000000000e+00,-8.391576330524793548e+01
2.628687258478077737e+01,-1.461165056818994890e+00,5.186239090833873883e-03,5.186239090833873883e-03,5.915505136773810335e+01,1.555871727250162095e-01,0.000000000000000000e+00,2.628687258478077737e+01
2.576163528470039523e+02,1.297227249971032004e+00,3.849362136034951802e-03,3.849362136034951802e-03,5.912137558278333671e+01,1.154808640810485593e-01,0.000000000000000000e+00,-1.023836471529960477e+02
1.027500883087359318e+00,3.088858275724712055e+00,4.396383309427201978e-03,4.396383309427201978e-03,5.007474634983732642e+01,1.318914992828160715e-01,0.000000000000000000e+00,1.027500883087359318e+00
1.093120299606323442e+01,2.971266467596982874e+00,3.883813293848986225e-03,3.883813293848986225e-03,4.985547666523213195e+01,1.165143988154695859e-01,0.000000000000000000e+00,1.093120299606323442e+01
2.766117425001144738e+02,4.243999999999999995e-01,4.251903116121319610e-03,4.251903116121319610e-03,5.279838344432801023e+01,1.275570934836395831e-01,0.000000000000000000e+00,-8.338825749988552616e+01
2.628978828119516038e+02,2.348624999999999741e-01,3.514923393440677699e-03,3.514923393440677699e-03,6.753178644988388157e+01,1.054477018032203284e-01,0.000000000000000000e+00,-9.710211718804839620e+01
2.437175796369736958e+01,-1.553556814567120137e+00,3.886013388238615095e-03,3.886013388238615095e-03,6.058223144791518422e+01,1.165804016471584520e-01,0.000000000000000000e+00,2.437175796369736958e+01
3.119556875003179641e+01,2.407618541626135311e+00,2.908837503300216228e-03,2.908837503300216228e-03,5.009165781369810588e+01,8.726512509900648251e-02,0.000000000000000000e+00,3.119556875003179641e+01
3.595554983258042512e+02,2.340868139076232701e+00,3.224679670926711150e-03,3.224679670926711150e-03,3.623115012078663000e+01,9.674039012780133451e-02,0.000000000000000000e+00,-4.445016741957488193e-01
2.770744481475829843e+02,-1.466887499999999900e+00,4.845111970400379879e-03,4.845111970400379879e-03,3.644584805224896940e+01,1.453533591120113877e-01,0.000000000000000000e+00,-8.292555185241701565e+01
2.622137750007628938e+02,7.594499999999999584e-01,1.683778071664585735e-02,1.683778071664585735e-02,5.152706709271659236e+01,5.051334214993756788e-01,0.000000000000000000e+00,-9.778622499923710620e+01
2.553252220832824548e+02,2.629124999999999934e-01,2.357744677316594029e-03,2.357744677316594029e-03,4.331148639992178317e+01,7.073234031949782175e-02,0.000000000000000000e+00,-1.046747779167175452e+02
2.660723348215103670e+02,-6.891999999999998128e-01,3.801351066103051974e-03,3.801351066103051974e-03,5.017900994109409396e+01,1.140405319830915531e-01,0.000000000000000000e+00,-9.392766517848963304e+01
2.900865031249999788e+02,-1.163012500000000005e+00,5.859147180263978537e-03,5.859147180263978537e-03,4.660585298005761956e+01,1.757744154079193544e-01,0.000000000000000000e+00,-6.991349687500002119e+01
2.800636909721374082e+02,-1.124512500000000026e+00,4.262543699107038467e-03,4.262543699107038467e-03,5.730251306233841291e+01,1.278763109732111436e-01,0.000000000000000000e+00,-7.993630902786259185e+01
2.771295987112045509e+02,2.487586635351181352e-01,3.408270289829488237e-03,3.408270289829488237e-03,4.416020840275352555e+01,1.022481086948846540e-01,0.000000000000000000e+00,-8.287040128879544909e+01
2.556945030475669967e+02,9.034875000000002210e-01,7.262366582697853644e-03,7.262366582697853644e-03,3.579015546385349467e+01,2.178709974809356076e-01,0.000000000000000000e+00,-1.043054969524330033e+02
2.562143221027374125e+02,1.250283333333333413e+00,1.974939687952535772e-02,1.974939687952535772e-02,3.379843737437044382e+01,5.924819063857607038e-01,0.000000000000000000e+00,-1.037856778972625875e+02
1.001506285259540441e+01,2.814391298034557565e+00,4.204516642116031509e-03,4.204516642116031509e-03,6.434983266590735695e+01,1.261354992634809435e-01,0.000000000000000000e+00,1.001506285259540441e+01
2.650549421568814523e+02,-7.390218381965861782e-01,4.099066165711605196e-03,4.099066165711605196e-03,4.887688506184185400e+01,1.229719849713481611e-01,0.000000000000000000e+00,-9.494505784311854768e+01
2.805071336266884714e+02,-7.974937503814696349e-01,1.041355247520927077e-02,1.041355247520927077e-02,-5.366204476666795387e+01,3.124065742562781023e-01,0.000000000000000000e+00,-7.949286637331152860e+01
2.659350606117575921e+02,-5.852781249999999824e-01,6.323912526179684135e-03,6.323912526179684135e-03,2.680276223456207418e+00,1.897173757853905240e-01,0.000000000000000000e+00,-9.406493938824240786e+01
2.773770586936583982e+02,3.421076923076921683e-01,3.407675528967964683e-03,3.407675528967964683e-03,4.364452759761127965e+01,1.022302658690389388e-01,0.000000000000000000e+00,-8.262294130634160183e+01
7.809482954614811234e+00,1.479303409091721866e+00,3.674230010020917807e-03,3.674230010020917807e-03,3.113657216261623617e+01,1.102269003006275394e-01,0.000000000000000000e+00,7.809482954614811234e+00
2.713990281247652661e+02,1.467500000000000228e-02,5.233655393975873878e-03,5.233655393975873878e-03,2.685847829108355000e+01,1.570096618192762250e-01,0.000000000000000000e+00,-8.860097187523473394e+01
2.568534998043656401e+02,9.662343749955297767e-01,4.911770246310009913e-03,4.911770246310009913e-03,8.319657329501342247e+01,1.473531073893002974e-01,0.000000000000000000e+00,-1.031465001956343599e+02
2.664225094136979806e+02,-7.852027777777776940e-01,8.353643534027083845e-03,8.353643534027083845e-03,6.063865304091881114e+01,2.506093060208124945e-01,0.000000000000000000e+00,-9.357749058630201944e+01
2.934904770833334169e+02,-1.082575000000000065e+00,6.437240079407275349e-03,6.437240079407275349e-03,5.422467612488514987e+01,1.931172023822182726e-01,0.000000000000000000e+00,-6.650952291666658311e+01
2.710081571178913578e+02,-2.508718749999999109e-01,3.928527917108849167e-03,3.928527917108849167e-03,5.414626347591593003e+01,1.178558375132654767e-01,0.000000000000000000e+00,-8.899184288210864224e+01
2.562081844671249087e+02,1.461068645763397011e+00,4.366944411353778505e-03,4.366944411353778505e-03,4.722195154067924250e+01,1.310083323406133482e-01,0.000000000000000000e+00,-1.037918155328750913e+02
2.569283474526087048e+02,1.003987499999999811e+00,8.012302155607864060e-03,8.012302155607864060e-03,5.816183389903616074e+01,2.403690646682359322e-01,0.000000000000000000e+00,-1.030716525473912952e+02
2.563187362620690237e+02,1.473347077188071008e+00,3.700998932332131251e-03,3.700998932332131251e-03,-4.451093250934638945e+01,1.110299679699639358e-01,0.000000000000000000e+00,-1.036812637379309763e+02
3.985262500000000152e+00,-1.815800000000000081e+00,7.455385364562724763e-03,7.455385364562724763e-03,6.314234244120714123e+01,2.236615609368817481e-01,0.000000000000000000e+00,3.985262500000000152e+00
2.937166680801391294e+02,4.240287945747375220e-01,3.604519973199988951e-03,3.604519973199988951e-03,3.997715389311570533e+01,1.081355991959996737e-01,0.000000000000000000e+00,-6.628333191986087058e+01
2.630904551609472151e+02,-5.236988636688753168e-02,7.258976192773522289e-03,7.258976192773522289e-03,8.660579519768612045e+01,2.177692857832056739e-01,0.000000000000000000e+00,-9.690954483905278494e+01
2.754865381903528601e+02,-1.212989453196525735e-01,3.795538932743921373e-03,3.795538932743921373e-03,7.506862393667016420e+01,1.138661679823176343e-01,0.000000000000000000e+00,-8.451346180964713994e+01
2.744729919645582186e+02,-6.680392857142856133e-01,3.518735609447559524e-03,3.518735609447559524e-03,5.999696945706435969e+01,1.055620682834267909e-01,0.000000000000000000e+00,-8.552700803544178143e+01
2.666741014422196372e+02,-8.089230769230769391e-02,6.498834702928764882e-03,6.498834702928764882e-03,6.976902436344185787e+01,1.949650410878629447e-01,0.000000000000000000e+00,-9.332589855778036281e+01
2.802941213301386369e+02,-6.102029260856765003e-01,8.447901657104794904e-03,8.447901657104794904e-03,3.709756078628419118e+01,2.534370497131438471e-01,0.000000000000000000e+00,-7.970587866986136305e+01
7.465783593821525344e+00,1.368590624588728044e+00,4.069693052884079155e-03,4.069693052884079155e-03,6.401431208984283217e+01,1.220907915865223764e-01,0.000000000000000000e+00,7.465783593821525344e+00
2.553641620177745892e+02,7.628133489268166256e-01,9.888482946528914797e-03,9.888482946528914797e-03,3.522968183657184937e+01,2.966544883958674439e-01,0.000000000000000000e+00,-1.046358379822254108e+02
1.248899166679382056e+00,-4.197885250043868588e+00,4.027045691253458050e-03,4.027045691253458050e-03,4.958837272510392324e+01,1.208113707376037432e-01,0.000000000000000000e+00,1.248899166679382056e+00
2.561563908493178587e+01,2.472509620433194666e+00,2.634880801713492936e-03,2.634880801713492936e-03,4.464988514360022975e+01,7.904642405140478723e-02,0.000000000000000000e+00,2.561563908493178587e+01
9.562016145753862162e+00,2.552659375000000175e+00,3.221747727574877148e-03,3.221747727574877148e-03,4.832648250829970493e+01,9.665243182724631010e-02,0.000000000000000000e+00,9.562016145753862162e+00
2.653050017245292338e+02,2.513144790808359286e-01,4.838713912652138453e-03,4.838713912652138453e-03,4.977562512512869830e+01,1.451614173795641449e-01,0.000000000000000000e+00,-9.469499827547076620e+01
2.577907224821329351e+02,8.356847913444042097e-01,3.589211326971581458e-03,3.589211326971581458e-03,6.017926994977896271e+01,1.076763398091474394e-01,0.000000000000000000e+00,-1.022092775178670649e+02
2.556373357142856833e+02,-9.473571428571428421e-02,5.022745463795078198e-03,5.022745463795078198e-03,4.416011911798274525e+01,1.506823639138523407e-01,0.000000000000000000e+00,-1.043626642857143167e+02
2.648946821965997742e+02,-4.809965926517140861e-02,5.652996043258209057e-03,5.652996043258209057e-03,7.390142731185731861e+01,1.695898812977462700e-01,0.000000000000000000e+00,-9.510531780340022578e+01
2.656808437500000153e+01,1.983206249999999837e+00,8.108959226405714274e-03,8.108959226405714274e-03,5.102134390821470333e+01,2.432687767921714317e-01,0.000000000000000000e+00,2.656808437500000153e+01
2.621381432731628252e+02,6.785416668785944350e-02,5.044930414507643041e-03,5.044930414507643041e-03,8.129581191697988629e+01,1.513479124352292982e-01,0.000000000000000000e+00,-9.786185672683717485e+01
2.900582606767892457e+02,-3.851921875000000606e-01,4.894488144438960582e-03,4.894488144438960582e-03,6.217244488927399004e+01,1.468346443331688123e-01,0.000000000000000000e+00,-6.994173932321075426e+01
2.744699742186546132e+02,1.645499999999999741e-01,3.044771942809074237e-03,3.044771942809074237e-03,5.016932652789608937e+01,9.134315828427222450e-02,0.000000000000000000e+00,-8.553002578134538680e+01
2.596277666664123558e+02,1.067081249999999981e+00,2.826083582290633313e-03,2.826083582290633313e-03,6.570696617598574107e+01,8.478250746871900112e-02,0.000000000000000000e+00,-1.003722333335876442e+02
2.579736172392845219e+02,9.009053124904632393e-01,3.892159012203597578e-03,3.892159012203597578e-03,4.485366948527684627e+01,1.167647703661079256e-01,0.000000000000000000e+00,-1.020263827607154781e+02
2.689868447260140556e+02,-5.715189453780652462e-01,5.074387217339102092e-03,5.074387217339102092e-03,6.204165189584129791e+01,1.522316165201730576e-01,0.000000000000000000e+00,-9.101315527398594440e+01
2.433649800485190440e+01,2.167765836882591390e+00,4.861850047998668434e-03,4.861850047998668434e-03,7.466735302639466454e+01,1.458555014399600669e-01,0.000000000000000000e+00,2.433649800485190440e+01
2.560579521265506742e+02,1.535863541650772879e+00,4.220273719150904705e-03,4.220273719150904705e-03,2.647601517382000225e+01,1.266082115745271464e-01,0.000000000000000000e+00,-1.039420478734493258e+02
2.482918406252860777e+01,-2.740634374999999512e+00,5.851504872754395223e-03,5.851504872754395223e-03,1.492983506887366296e+01,1.755451461826318671e-01,0.000000000000000000e+00,2.482918406252860777e+01
2.657995822911922232e+02,-1.362094230769230530e+00,3.556509493390143644e-03,3.556509493390143644e-03,5.824209366315808722e+01,1.066952848017043154e-01,0.000000000000000000e+00,-9.420041770880777676e+01
2.584852401859483848e+02,4.652927632118526446e-01,4.314017406623907140e-03,4.314017406623907140e-03,6.074637369448132773e+01,1.294205221987172194e-01,0.000000000000000000e+00,-1.015147598140516152e+02
2.561516159713744969e+02,4.505499999999999505e-01,9.919388627457314742e-03,9.919388627457314742e-03,5.806192706965647687e+01,2.975816588237194527e-01,0.000000000000000000e+00,-1.038483840286255031e+02
2.789445603047916507e+02,-6.385348214285714308e-01,6.790831181930624856e-03,6.790831181930624856e-03,4.476891299651409639e+01,2.037249354579187544e-01,0.000000000000000000e+00,-8.105543969520834935e+01
2.600993133928571979e+02,1.381312498160771063e-01,3.677444059894154071e-03,3.677444059894154071e-03,6.068904740369664097e+01,1.103233217968246221e-01,0.000000000000000000e+00,-9.990068660714280213e+01
2.712352451964696343e+02,-1.945413194020588765e-01,3.502028673146521942e-03,3.502028673146521942e-03,5.853468881219933451e+01,1.050608601943956583e-01,0.000000000000000000e+00,-8.876475480353036573e+01
2.816790699806040266e+02,-1.006773863636363675e+00,4.956092247642442626e-03,4.956092247642442626e-03,5.494963718386441798e+01,1.486827674292732770e-01,0.000000000000000000e+00,-7.832093001939597343e+01
2.419507656233310300e+01,2.217433124917745690e+00,2.906831084382993993e-03,2.906831084382993993e-03,6.001266635719576925e+01,8.720493253148982327e-02,0.000000000000000000e+00,2.419507656233310300e+01
1.274871875022007606e+00,-4.199925144260205023e+00,4.589793622952666879e-03,4.589793622952666879e-03,1.585427003532223900e+01,1.376938086885799994e-01,0.000000000000000000e+00,1.274871875022007606e+00
2.641822708333332770e+01,1.908258333333333390e+00,8.938650130825842588e-03,8.938650130825842588e-03,4.558504732473792842e+01,2.681595039247752776e-01,0.000000000000000000e+00,2.641822708333332770e+01
2.769246246852874265e+02,7.950987472534180867e-02,4.511823726826530261e-03,4.511823726826530261e-03,5.179417449211351965e+01,1.353547118047959130e-01,0.000000000000000000e+00,-8.307537531471257353e+01
2.974518125000000168e+01,-2.929047499996423554e+00,3.494974944601487391e-03,3.494974944601487391e-03,5.377878329045746852e+01,1.048492483380446261e-01,0.000000000000000000e+00,2.974518125000000168e+01
2.794282598214285827e+02,2.297107142857142681e-01,4.141722160778681626e-03,4.141722160778681626e-03,4.591466627103846321e+01,1.242516648233604470e-01,0.000000000000000000e+00,-8.057174017857141735e+01
2.613686237196922235e+01,-1.535687528434531268e+00,4.880904874824986903e-03,4.880904874824986903e-03,5.600330578057125308e+01,1.464271462447496175e-01,0.000000000000000000e+00,2.613686237196922235e+01
2.816637664344787026e+02,-1.537929166666666791e+00,3.736828414545299328e-03,3.736828414545299328e-03,5.359149064410151908e+01,1.121048524363589816e-01,0.000000000000000000e+00,-7.833623356552129735e+01
2.767953044728447480e+02,2.249852939774008020e-02,3.689762567106453454e-03,3.689762567106453454e-03,3.984574798723946287e+01,1.106928770131936079e-01,0.000000000000000000e+00,-8.320469552715525197e+01
2.751659526513533365e+02,-9.675352272727274494e-01,3.778843012783063716e-03,3.778843012783063716e-03,3.391852959085179009e+01,1.133652903834919123e-01,0.000000000000000000e+00,-8.483404734864666352e+01
2.594083524562101388e+02,1.589514425882926074e-01,1.962231090219518359e-02,1.962231090219518359e-02,5.009301125429998791e+01,5.886693270658555077e-01,0.000000000000000000e+00,-1.005916475437898612e+02
2.569905741071837042e+02,8.754294642857144426e-01,3.468940192869583803e-03,3.468940192869583803e-03,3.504264443217850555e+01,1.040682057860875115e-01,0.000000000000000000e+00,-1.030094258928162958e+02
2.647440225114059444e+02,-1.231374999999999553e-01,4.809790829409573559e-03,4.809790829409573559e-03,7.230410367873726329e+01,1.442937248822871998e-01,0.000000000000000000e+00,-9.525597748859405556e+01
2.697324534709930504e+02,-9.332791667302449135e-01,8.091458028234809613e-03,8.091458028234809613e-03,8.791272993505245381e+01,2.427437408470442815e-01,0.000000000000000000e+00,-9.026754652900694964e+01
2.693576414958476448e+02,-8.705712999582289058e-01,6.891183534395448410e-03,6.891183534395448410e-03,7.167709904259059783e+01,2.067355060318634419e-01,0.000000000000000000e+00,-9.064235850415235518e+01
9.574618229198454955e+00,2.238174999999999581e+00,6.358121613108443787e-03,6.358121613108443787e-03,4.242713722479659566e+01,1.907436483932533067e-01,0.000000000000000000e+00,9.574618229198454955e+00
2.927510982457478121e+02,-1.987013814667860923e-01,7.213242554222708443e-03,7.213242554222708443e-03,6.303373697191682368e+01,2.163972766266812620e-01,0.000000000000000000e+00,-6.724890175425218786e+01
2.607944453148841646e+01,1.919153749752044780e+00,4.636644741642650600e-03,4.636644741642650600e-03,4.110351705184567805e+01,1.390993422492795284e-01,0.000000000000000000e+00,2.607944453148841646e+01
2.795111230030536831e+02,2.439093750000000116e-01,4.638208998839378830e-03,4.638208998839378830e-03,3.138619041584198044e+01,1.391462699651813684e-01,0.000000000000000000e+00,-8.048887699694631692e+01
2.562811656245639824e+02,4.280250026157924464e-02,2.009516679917969402e-03,2.009516679917969402e-03,7.636069089404493582e+01,6.028550039753908379e-02,0.000000000000000000e+00,-1.037188343754360176e+02
2.694450776702881285e+02,-8.710788461538458982e-01,7.622422488479354413e-03,7.622422488479354413e-03,6.747854472344175747e+01,2.286726746543806255e-01,0.000000000000000000e+00,-9.055492232971187150e+01
2.692330010023328555e+02,-6.835298611111111367e-01,1.021490009817000236e-02,1.021490009817000236e-02,8.091841742909660695e+01,3.064470029451000777e-01,0.000000000000000000e+00,-9.076699899766714452e+01
3.865572500228882102e-01,3.674291999995708657e+00,3.458907659724680481e-03,3.458907659724680481e-03,7.019000101682553350e+01,1.037672297917404118e-01,0.000000000000000000e+00,3.865572500228882102e-01
2.723240296471962552e+02,1.410055768416478006e-01,4.241400280990808083e-03,4.241400280990808083e-03,5.024630561606930712e+01,1.272420084297242460e-01,0.000000000000000000e+00,-8.767597035280374485e+01
2.791443818183421968e+02,-4.727624999999999189e-01,4.852414071061033132e-03,4.852414071061033132e-03,5.506980862625071182e+01,1.455724221318309974e-01,0.000000000000000000e+00,-8.085561818165780323e+01
2.577662086455821964e+02,1.372101718683354621e+00,4.042788079617025063e-03,4.042788079617025063e-03,5.497894472287414658e+01,1.212836423885107484e-01,0.000000000000000000e+00,-1.022337913544178036e+02
2.797058512144565725e+02,5.978156249999999616e-01,8.417123388630038186e-03,8.417123388630038186e-03,7.821666821023617899e+01,2.525137016589011352e-01,0.000000000000000000e+00,-8.029414878554342749e+01
2.632155585810025400e+02,-1.897141994158426659e-01,9.754357931979582008e-03,9.754357931979582008e-03,6.724155442773914615e+01,2.926307379593874325e-01,0.000000000000000000e+00,-9.678444141899746000e+01
7.797104514312746204e+00,-1.289195833333333541e+00,1.567144833622442432e-02,1.567144833622442432e-02,4.099229483381459005e+01,4.701434500867327504e-01,0.000000000000000000e+00,7.797104514312746204e+00
2.944344564721924939e+01,-1.692309821455819208e+00,3.700509914168358463e-03,3.700509914168358463e-03,9.070521321499867895e+01,1.110152974250507574e-01,0.000000000000000000e+00,2.944344564721924939e+01
2.587806829256969081e+02,1.243392065054437223e+00,3.556903842777682425e-03,3.556903842777682425e-03,5.326570724037751603e+01,1.067071152833304754e-01,0.000000000000000000e+00,-1.012193170743030919e+02
2.776109187499999962e+02,-6.766847500801086435e-01,6.594325392947099178e-03,6.594325392947099178e-03,5.685141768013632912e+01,1.978297617884129667e-01,0.000000000000000000e+00,-8.238908125000000382e+01
2.558645084143751376e+02,5.128948526054620816e-01,1.228028605252984469e-02,1.228028605252984469e-02,5.093298993328935609e+01,3.684085815758953442e-01,0.000000000000000000e+00,-1.041354915856248624e+02
3.133319837895907511e+01,-2.080491465814297225e+00,3.329500705561154635e-03,3.329500705561154635e-03,4.712956686353209079e+01,9.988502116683463383e-02,0.000000000000000000e+00,3.133319837895907511e+01
1.990488402671814328e+01,-2.602581250000000068e+00,7.385092207540696653e-03,7.385092207540696653e-03,6.228182647083724532e+01,2.215527662262208874e-01,0.000000000000000000e+00,1.990488402671814328e+01
2.735008160155296082e+02,-1.048263437968492529e+00,5.076695360300150818e-03,5.076695360300150818e-03,6.026543877507273805e+01,1.523008608090045124e-01,0.000000000000000000e+00,-8.649918398447039181e+01
2.629525138469677472e+02,2.531695255976456616e-01,4.108464675770981747e-03,4.108464675770981747e-03,8.455358466749557067e+01,1.232539402731294559e-01,0.000000000000000000e+00,-9.704748615303225279e+01
2.556892141368695661e+02,1.069304464285714129e+00,4.592231305586343126e-03,4.592231305586343126e-03,5.087771481251002115e+01,1.377669391675903077e-01,0.000000000000000000e+00,-1.043107858631304339e+02
2.463570741806030284e+01,1.530907894992828533e+00,5.855387439726829693e-03,5.855387439726829693e-03,3.834122973138046575e+01,1.756616231918048943e-01,0.000000000000000000e+00,2.463570741806030284e+01
2.634275543947659912e+02,1.222253039506765310e-01,9.485625579398603013e-03,9.485625579398603013e-03,3.553175061843063531e+01,2.845687673819580765e-01,0.000000000000000000e+00,-9.657244560523400878e+01
2.591576166692098013e+02,3.486666666666667080e-02,2.494553325503288607e-02,2.494553325503288607e-02,6.104732648883503288e+01,7.483659976509865475e-01,0.000000000000000000e+00,-1.008423833307901987e+02
2.563978868053436599e+02,-6.981249999999997007e-03,3.686577721369154858e-03,3.686577721369154858e-03,2.386336823777974914e+01,1.105973316410746449e-01,0.000000000000000000e+00,-1.036021131946563401e+02
2.565781144095420814e+02,8.772136040925979650e-01,9.774766107111870425e-03,9.774766107111870425e-03,9.466246676124576709e+01,2.932429832133561232e-01,0.000000000000000000e+00,-1.034218855904579186e+02
2.774070644636972247e+02,-9.340774110249111528e-01,2.786452841262612549e-03,2.786452841262612549e-03,6.984901373598003715e+01,8.359358523787838169e-02,0.000000000000000000e+00,-8.259293553630277529e+01
2.662874350000381014e+02,3.560314997434615991e-01,1.233060549982918294e-02,1.233060549982918294e-02,5.155750601866519389e+01,3.699181649948755091e-01,0.000000000000000000e+00,-9.371256499996189859e+01
2.176099999999999923e+00,1.810412499999999980e+00,2.079366746138623569e-03,2.079366746138623569e-03,6.219434726670296953e+01,6.238100238415870968e-02,0.000000000000000000e+00,2.176099999999999923e+00
2.783397682595870606e+02,8.865764711262548448e-02,3.171961612837289647e-03,3.171961612837289647e-03,6.785394998570308189e+01,9.515884838511869115e-02,0.000000000000000000e+00,-8.166023174041293942e+01
3.593514774278987147e+02,-4.090575000000000294e+00,3.053904324258022423e-03,3.053904324258022423e-03,6.262629453934858503e+01,9.161712972774067876e-02,0.000000000000000000e+00,-6.485225721012852773e-01
2.765774525000572339e+02,4.478000000000000869e-01,3.392412039165079631e-03,3.392412039165079631e-03,3.190391485244257552e+01,1.017723611749523915e-01,0.000000000000000000e+00,-8.342254749994276608e+01
2.803639492700576739e+02,-7.733698529474876127e-01,3.569706020830903156e-03,3.569706020830903156e-03,6.203888435569857762e+01,1.070911806249270903e-01,0.000000000000000000e+00,-7.963605072994232614e+01
2.706101962961833465e+02,-6.400958333333333083e-01,3.520641578761629035e-03,3.520641578761629035e-03,6.937437153322558459e+01,1.056192473628488754e-01,0.000000000000000000e+00,-8.938980370381665352e+01
2.628021613929152522e+02,1.783880468338727709e-01,4.011740904471462754e-03,4.011740904471462754e-03,5.958976860140294463e+01,1.203522271341438826e-01,0.000000000000000000e+00,-9.719783860708474776e+01
2.619883356428312595e+02,1.430866303246954019e-01,4.372547531150762327e-03,4.372547531150762327e-03,6.613673444945050051e+01,1.311764259345228611e-01,0.000000000000000000e+00,-9.801166435716874048e+01
2.600251516201972777e+02,3.883312499999999057e-01,4.671881129177014695e-03,4.671881129177014695e-03,7.322725092177809358e+01,1.401564338753104322e-01,0.000000000000000000e+00,-9.997484837980272232e+01
2.562444661453247363e+02,1.456753749835491218e+00,6.228186149682069829e-03,6.228186149682069829e-03,3.384884410576795233e+01,1.868455844904620966e-01,0.000000000000000000e+00,-1.037555338546752637e+02
2.566220500000000015e+02,3.355562489032745677e-02,6.350336177150917027e-03,6.350336177150917027e-03,5.595068787824616408e+01,1.905100853145275108e-01,0.000000000000000000e+00,-1.033779499999999985e+02
3.068375362903225323e+01,-2.622791653247033672e+00,3.092111544223451712e-03,3.092111544223451712e-03,4.677442905891019365e+01,9.276334632670354963e-02,0.000000000000000000e+00,3.068375362903225323e+01
2.648924283058913147e+02,6.589181520638256462e-01,5.517351643356121181e-03,5.517351643356121181e-03,6.214881725615494190e+01,1.655205493006836337e-01,0.000000000000000000e+00,-9.510757169410868528e+01
2.664659674675895076e+02,-5.556083504224051950e-01,5.001778485029069986e-03,5.001778485029069986e-03,9.319332232860753606e+01,1.500533545508720978e-01,0.000000000000000000e+00,-9.353403253241049242e+01
2.567722015625715244e+02,-4.104374999999998996e-02,7.049692964206733317e-03,7.049692964206733317e-03,5.536722182332658093e+01,2.114907889262019891e-01,0.000000000000000000e+00,-1.032277984374284756e+02
2.652543310134887520e+02,-1.227253749978542308e+00,4.737910199830992590e-03,4.737910199830992590e-03,5.565751577843384013e+01,1.421373059949297690e-01,0.000000000000000000e+00,-9.474566898651124802e+01
2.958536033336004039e+02,9.162166665474573701e-01,3.166653969722992620e-03,3.166653969722992620e-03,3.942041614183565912e+01,9.499961909168977425e-02,0.000000000000000000e+00,-6.414639666639959614e+01
2.803716328122411028e+02,-1.372597321428571382e+00,4.282831430579331702e-03,4.282831430579331702e-03,4.943938846056356340e+01,1.284849429173799407e-01,0.000000000000000000e+00,-7.962836718775889722e+01
3.615398124980926386e+00,-2.376759374999999785e+00,4.885911628696669971e-03,4.885911628696669971e-03,5.324897946085927458e+01,1.465773488609000974e-01,0.000000000000000000e+00,3.615398124980926386e+00
2.723967362099511433e+02,-1.572796428748538811e-01,5.373832831147260652e-03,5.373832831147260652e-03,7.562375409508918267e+01,1.612149849344178265e-01,0.000000000000000000e+00,-8.760326379004885666e+01
2.585308084825862238e+02,1.128162744738838846e-01,3.011216149672091280e-03,3.011216149672091280e-03,4.101971734138611936e+01,9.033648449016273840e-02,0.000000000000000000e+00,-1.014691915174137762e+02
2.662100231464385729e+02,-5.977013889471690655e-01,8.689548093102850146e-03,8.689548093102850146e-03,6.557897297912452927e+01,2.606864427930855044e-01,0.000000000000000000e+00,-9.378997685356142711e+01
2.807233171875000153e+02,1.344500000000000139e-01,2.003315936895810889e-02,2.003315936895810889e-02,4.596264652195647926e+01,6.009947810687432668e-01,0.000000000000000000e+00,-7.927668281249998472e+01
2.656196181943893748e+02,1.651649999618529929e-01,4.834378884748395493e-03,4.834378884748395493e-03,7.361310039134482963e+01,1.450313665424518561e-01,0.000000000000000000e+00,-9.438038180561062518e+01
2.868719277525765392e+02,-1.187315178576537900e+00,4.111159390278188754e-03,4.111159390278188754e-03,4.611106319321590519e+01,1.233347817083456643e-01,0.000000000000000000e+00,-7.312807224742346079e+01
2.849862151785713991e+02,-6.601642857142858700e-01,8.704077367954487360e-03,8.704077367954487360e-03,6.162070771827818305e+01,2.611223210386346416e-01,0.000000000000000000e+00,-7.501378482142860094e+01
7.714525961538462262e+00,-1.222555769230769362e+00,5.517480238854005972e-03,5.517480238854005972e-03,6.710981200713332839e+01,1.655244071656201688e-01,0.000000000000000000e+00,7.714525961538462262e+00
2.448930625006358497e+01,1.040029166666666782e+00,4.766758550548212334e-03,4.766758550548212334e-03,4.540506359222857924e+01,1.430027565164463665e-01,0.000000000000000000e+00,2.448930625006358497e+01
2.689322857881409732e+02,1.204019642693655856e-01,5.002340751253325259e-03,5.002340751253325259e-03,4.865959001585895294e+01,1.500702225375997456e-01,0.000000000000000000e+00,-9.106771421185902682e+01
2.604968694427490163e+02,1.023425000000000029e+00,6.867846739186028726e-03,6.867846739186028726e-03,5.911199303436475105e+01,2.060354021755808618e-01,0.000000000000000000e+00,-9.950313055725098366e+01
2.649793255475094611e+02,6.592855263157895163e-01,7.969934546755142596e-03,7.969934546755142596e-03,5.900104667768183475e+01,2.390980364026542848e-01,0.000000000000000000e+00,-9.502067445249053890e+01
2.778737381944656590e+02,4.282750000000000723e-01,4.489511731330818670e-03,4.489511731330818670e-03,6.562532412273118609e+01,1.346853519399245636e-01,0.000000000000000000e+00,-8.212626180553434097e+01
2.686691294525146532e+02,-4.412921900749206677e-02,3.666400831430178826e-03,3.666400831430178826e-03,4.437122490106970218e+01,1.099920249429053587e-01,0.000000000000000000e+00,-9.133087054748534683e+01
2.563921235792680591e+02,-3.705170492258938464e-02,3.025187076040946037e-03,3.025187076040946037e-03,6.343208892463803039e+01,9.075561228122838719e-02,0.000000000000000000e+00,-1.036078764207319409e+02
2.867223537415304122e+02,-1.262127631578947362e+00,3.461293912273618462e-03,3.461293912273618462e-03,-4.297813950891217871e+01,1.038388173682085469e-01,0.000000000000000000e+00,-7.327764625846958779e+01
2.570447658851473989e+02,1.320538281212746856e+00,5.507788582183566553e-03,5.507788582183566553e-03,6.827801558632600631e+01,1.652336574655070001e-01,0.000000000000000000e+00,-1.029552341148526011e+02
2.168235606320699116e+00,-3.550329924535751580e+00,2.319761484757954743e-03,2.319761484757954743e-03,4.457856231487087229e+01,6.959284454273864662e-02,0.000000000000000000e+00,2.168235606320699116e+00
2.596133980900128790e+02,-3.923291668494541251e-02,4.661620364012859785e-03,4.661620364012859785e-03,5.470207569164877981e+01,1.398486109203858074e-01,0.000000000000000000e+00,-1.003866019099871210e+02
2.892448812499999917e+02,-5.006124997138976240e-02,6.467846764410059741e-03,6.467846764410059741e-03,4.662480145492473582e+01,1.940354029323017870e-01,0.000000000000000000e+00,-7.075511875000000828e+01
2.743218944786071347e+02,5.201937500000000103e-01,4.033408004107383316e-03,4.033408004107383316e-03,5.507937879432915906e+01,1.210022401232214995e-01,0.000000000000000000e+00,-8.567810552139286528e+01
2.689112750000000460e+02,-5.667625000000000579e-01,5.412305811499560325e-03,5.412305811499560325e-03,4.953704756993448655e+01,1.623691743449868219e-01,0.000000000000000000e+00,-9.108872499999995398e+01
2.744315691406607698e+02,4.551007812500000860e-01,7.055468683681368966e-03,7.055468683681368966e-03,6.547274048112635114e+01,2.116640605104410655e-01,0.000000000000000000e+00,-8.556843085933923021e+01
1.964951222809501852e+00,3.279604891285689217e+00,2.745728237366388928e-03,2.745728237366388928e-03,5.093576124464804877e+01,8.237184712099167305e-02,0.000000000000000000e+00,1.964951222809501852e+00
2.722901742268880412e+02,-1.506999999999999729e-01,8.022801090395974971e-03,8.022801090395974971e-03,5.275875307802828473e+01,2.406840327118792422e-01,0.000000000000000000e+00,-8.770982577311195882e+01
2.790487072586205954e+02,-1.510102405254657720e-01,3.712340570622506882e-03,3.712340570622506882e-03,7.746723923106421239e+01,1.113702171186752021e-01,0.000000000000000000e+00,-8.095129274137940456e+01
2.897905749999999898e+02,2.903249999999999997e-01,9.183096962505979399e-03,9.183096962505979399e-03,4.959696025675422248e+01,2.754929088751794097e-01,0.000000000000000000e+00,-7.020942500000001019e+01
2.562320067975044822e+02,9.778616077274083773e-01,1.109651468262156868e-02,1.109651468262156868e-02,5.715422676819289194e+01,3.328954404786470533e-01,0.000000000000000000e+00,-1.037679932024955178e+02
2.661319919642857599e+02,-7.069053571428571825e-01,3.938059570400642348e-03,3.938059570400642348e-03,4.301929320919402500e+01,1.181417871120192670e-01,0.000000000000000000e+00,-9.386800803571424012e+01
2.560028912649971744e+02,1.437514285714285966e+00,1.512293467819153872e-02,1.512293467819153872e-02,4.886281709271428042e+01,4.536880403457461686e-01,0.000000000000000000e+00,-1.039971087350028256e+02
2.562261942115148372e+02,1.193616666666666548e+00,8.413193805511942971e-03,8.413193805511942971e-03,5.471284930872946006e+01,2.523958141653582787e-01,0.000000000000000000e+00,-1.037738057884851628e+02
2.629275448209762658e+02,-1.272967101131166900e-01,9.822839864938070695e-03,9.822839864938070695e-03,4.534085322233296012e+01,2.946851959481421313e-01,0.000000000000000000e+00,-9.707245517902373422e+01
2.802051680566152072e+02,3.480500000000000260e-01,7.677136164635169416e-03,7.677136164635169416e-03,6.359053068687966004e+01,2.303140849390550859e-01,0.000000000000000000e+00,-7.979483194338479279e+01
2.698982094362258977e+02,-1.132527205882352783e+00,3.645610439119993922e-03,3.645610439119993922e-03,5.918644390258486965e+01,1.093683131735998237e-01,0.000000000000000000e+00,-9.010179056377410234e+01
2.766684378469467447e+02,-1.385158333333333491e+00,2.520509985212400147e-03,2.520509985212400147e-03,5.001946843387837305e+01,7.561529955637200096e-02,0.000000000000000000e+00,-8.333156215305325532e+01
2.578513291662216034e+02,3.511828125000001077e-01,5.194838036814616693e-03,5.194838036814616693e-03,5.147440276913246748e+01,1.558451411044385060e-01,0.000000000000000000e+00,-1.021486708337783966e+02
1.085284062509536795e+01,-2.656718750071525914e+00,2.911815106045120057e-03,2.911815106045120057e-03,5.532393682631312259e+01,8.735445318135359738e-02,0.000000000000000000e+00,1.085284062509536795e+01
2.815117898667768941e+02,2.697090909090908983e-01,4.504557826391894330e-03,4.504557826391894330e-03,5.345874600611027461e+01,1.351367347917568351e-01,0.000000000000000000e+00,-7.848821013322310591e+01
3.581027343749045713e+02,-2.035012500000000113e+00,6.001547499658371407e-03,6.001547499658371407e-03,5.108051439869734622e+01,1.800464249897511526e-01,0.000000000000000000e+00,-1.897265625095428732e+00
2.556521546651204346e+02,6.999190488073561145e-01,9.732247479534633650e-03,9.732247479534633650e-03,5.959931035984246961e+01,2.919674243860390095e-01,0.000000000000000000e+00,-1.043478453348795654e+02
2.472679553571429167e+01,-9.895255358082907238e-01,3.035214325510424659e-03,3.035214325510424659e-03,4.388527982004956129e+01,9.105642976531273802e-02,0.000000000000000000e+00,2.472679553571429167e+01
2.688368316286086497e+02,-4.966715909090908543e-01,4.218614680606649903e-03,4.218614680606649903e-03,6.580282320764811743e+01,1.265584404181994971e-01,0.000000000000000000e+00,-9.116316837139135032e+01
2.693619078748703259e+02,-5.856898751974106698e-01,5.447751245033537540e-03,5.447751245033537540e-03,6.407476118349759986e+01,1.634325373510061297e-01,0.000000000000000000e+00,-9.063809212512967406e+01
2.651545672913551357e+02,1.760562500000000252e-01,4.449097992199492653e-03,4.449097992199492653e-03,3.882285980279103654e+01,1.334729397659847883e-01,0.000000000000000000e+00,-9.484543270864486431e+01
2.744596519529104057e+02,1.612296874999999963e-01,2.903727148501198362e-03,2.903727148501198362e-03,6.478824595635738604e+01,8.711181445503594911e-02,0.000000000000000000e+00,-8.554034804708959427e+01
2.625772030996322428e+02,4.851920454978942421e-01,1.685195200096754886e-02,1.685195200096754886e-02,4.890104619227617633e+01,5.055585600290264381e-01,0.000000000000000000e+00,-9.742279690036775719e+01
2.804317052080900226e+02,-1.358118478260869955e+00,5.530018617799122016e-03,5.530018617799122016e-03,6.837463130860599847e+01,1.659005585339736744e-01,0.000000000000000000e+00,-7.956829479190997745e+01
2.958193437500000300e+02,-1.604874999999999774e-01,9.872382546180263202e-03,9.872382546180263202e-03,5.023813776935779174e+01,2.961714763854079169e-01,0.000000000000000000e+00,-6.418065624999996999e+01
2.652824765625476289e+02,-5.905312499850989827e-02,4.127795317210028285e-03,4.127795317210028285e-03,6.170293879644132318e+01,1.238338595163008538e-01,0.000000000000000000e+00,-9.471752343745237113e+01
2.592434827010256981e+02,8.197292484181266659e-01,3.726655519514812404e-03,3.726655519514812404e-03,6.949361672991808803e+01,1.117996655854443661e-01,0.000000000000000000e+00,-1.007565172989743019e+02
5.169656250000000952e+00,-1.041312499999999863e+00,3.678234757372567283e-03,3.678234757372567283e-03,4.653176519034106917e+01,1.103470427211770133e-01,0.000000000000000000e+00,5.169656250000000952e+00
2.560187194431304647e+02,1.164924999999999988e+00,1.187605381967042281e-02,1.187605381967042281e-02,2.278257594167574140e+01,3.562816145901127052e-01,0.000000000000000000e+00,-1.039812805568695353e+02
7.796762500000001594e+00,-1.291050000000000031e+00,3.680304525273807997e-02,3.680304525273807997e-02,3.174618038444353374e+01,1.104091357582142496e+00,0.000000000000000000e+00,7.796762500000001594e+00
5.854748744201660138e+00,-1.284927505302429385e+00,1.250000000000000026e-03,1.250000000000000026e-03,0.000000000000000000e+00,3.749999999999999861e-02,0.000000000000000000e+00,5.854748744201660138e+00
2.812457999999999743e+02,1.205500000000000044e-01,1.251846864193440975e-02,1.251846864193440975e-02,3.160740460143767905e+01,3.755540592580323134e-01,0.000000000000000000e+00,-7.875420000000002574e+01
2.946207743750571808e+02,-1.449643749999999898e+00,4.914192520330001694e-03,4.914192520330001694e-03,7.165280040252818594e+01,1.474257756099000560e-01,0.000000000000000000e+00,-6.537922562494281919e+01
2.819893781249999734e+02,3.948750000000000177e-02,6.925677441781728262e-03,6.925677441781728262e-03,-6.097456808023086205e-01,2.077703232534518496e-01,0.000000000000000000e+00,-7.801062187500002665e+01
2.582314464117367834e+02,1.377674999999999983e+00,4.008600031195918428e-03,4.008600031195918428e-03,5.257586662047310710e+01,1.202580009358775459e-01,0.000000000000000000e+00,-1.017685535882632166e+02
2.700517328124522578e+02,3.895312386751176390e-03,4.486374187543130769e-03,4.486374187543130769e-03,3.447991429234664196e+01,1.345912256262939144e-01,0.000000000000000000e+00,-8.994826718754774220e+01
2.659224105301221357e+02,-5.350812500000000638e-01,9.131332987374533514e-03,9.131332987374533514e-03,3.977587395227811840e+01,2.739399896212360019e-01,0.000000000000000000e+00,-9.407758946987786430e+01
2.559193031736646446e+02,9.462357142857141801e-01,8.141181723761176797e-03,8.141181723761176797e-03,5.461410439982054044e+01,2.442354517128353109e-01,0.000000000000000000e+00,-1.040806968263353554e+02
6.838458331298828519e+00,-1.791049999999999809e+00,1.745671729688744872e-02,1.745671729688744872e-02,5.692361411880015254e+01,5.237015189066234200e-01,0.000000000000000000e+00,6.838458331298828519e+00
2.678191380203247149e+02,3.593624999999999736e-01,4.701786425202373644e-03,4.701786425202373644e-03,5.064316064326482092e+01,1.410535927560712111e-01,0.000000000000000000e+00,-9.218086197967528506e+01
2.557316131118230089e+02,7.282446421759470878e-01,1.057053965396271590e-02,1.057053965396271590e-02,4.473302537430701165e+01,3.171161896188814944e-01,0.000000000000000000e+00,-1.042683868881769911e+02
1.144417499999999954e+01,2.353349999952316196e+00,1.309206586966285037e-02,1.309206586966285037e-02,7.442097350041807147e+01,3.927619760898855006e-01,0.000000000000000000e+00,1.144417499999999954e+01
2.923993156249999856e+02,-1.467384375381097117e+00,9.816709585790331025e-03,9.816709585790331025e-03,2.248921805642874361e+01,2.945012875737099134e-01,0.000000000000000000e+00,-6.760068437500001437e+01
2.768680590726017954e+02,3.749498869776725363e-02,2.866796349520201424e-03,2.866796349520201424e-03,3.811712562886553002e+01,8.600389048560604099e-02,0.000000000000000000e+00,-8.313194092739820462e+01
2.715492603418622934e+02,8.943415184617041491e-02,4.800069953579807688e-03,4.800069953579807688e-03,2.586107794132564663e+01,1.440020986073942411e-01,0.000000000000000000e+00,-8.845073965813770656e+01
2.770298687500635992e+02,-2.981791666666666618e-01,4.113204968956759092e-03,4.113204968956759092e-03,3.170448229067186219e+01,1.233961490687027762e-01,0.000000000000000000e+00,-8.297013124993640076e+01
1.399162499237060597e+00,-4.087474999618530447e+00,6.246206839609238712e-03,6.246206839609238712e-03,2.218994029407896562e+01,1.873862051882771718e-01,0.000000000000000000e+00,1.399162499237060597e+00
6.624618749999998890e+00,-1.932478250789642304e+00,4.994673406664444128e-03,4.994673406664444128e-03,4.656102982199805496e+01,1.498402021999333256e-01,0.000000000000000000e+00,6.624618749999998890e+00
2.781425956727835000e+02,-8.164478847320263410e-01,6.420530629223306085e-03,6.420530629223306085e-03,5.088286330174193495e+01,1.926159188766991825e-01,0.000000000000000000e+00,-8.185740432721649995e+01
2.555193713374397930e+02,9.159477272727272190e-01,9.223113755210040135e-03,9.223113755210040135e-03,4.487679015567508856e+01,2.766934126563012075e-01,0.000000000000000000e+00,-1.044806286625602070e+02
2.595209728265302260e+02,1.596488407170528756e-01,1.709759631005201147e-02,1.709759631005201147e-02,-3.370698398942114693e+01,5.129278893015603025e-01,0.000000000000000000e+00,-1.004790271734697740e+02
2.693960083327293091e+02,-8.587000000000000188e-01,3.389915709656209086e-03,3.389915709656209086e-03,3.977355592553826824e+01,1.016974712896862726e-01,0.000000000000000000e+00,-9.060399166727069087e+01
2.720149000000635624e+02,-8.865833333333335287e-02,4.932644015106890482e-03,4.932644015106890482e-03,7.404091163437290390e+01,1.479793204532067197e-01,0.000000000000000000e+00,-8.798509999993643760e+01
2.624660645833333206e+02,3.871083329836527143e-01,3.100300821985571900e-02,3.100300821985571900e-02,4.570515146557787745e+01,9.300902465956715215e-01,0.000000000000000000e+00,-9.753393541666667943e+01
2.285030468750000043e+00,3.019448437500000360e+00,3.451483178285627562e-03,3.451483178285627562e-03,5.125452269904033642e+01,1.035444953485688269e-01,0.000000000000000000e+00,2.285030468750000043e+00
2.753358391921996713e+02,-4.607500000000000484e-02,4.003290143208222684e-03,4.003290143208222684e-03,2.740859366007175879e+01,1.200987042962466805e-01,0.000000000000000000e+00,-8.466416080780032871e+01
1.094830937509536817e+01,2.962206249999999930e+00,4.588487678130199164e-03,4.588487678130199164e-03,5.641676011545848723e+01,1.376546303439059871e-01,0.000000000000000000e+00,1.094830937509536817e+01
2.846255991071428753e+02,2.929833927631377288e-01,5.762502565868805014e-03,5.762502565868805014e-03,6.238925196675545237e+01,1.728750769760641626e-01,0.000000000000000000e+00,-7.537440089285712475e+01
9.905362500000000736e+00,2.817081249999999759e+00,1.792615784925538419e-03,1.792615784925538419e-03,5.100058114578990143e+01,5.377847354776615213e-02,0.000000000000000000e+00,9.905362500000000736e+00
3.582524909370422392e+02,-2.109843750000000462e+00,6.310949973671252725e-03,6.310949973671252725e-03,5.050302625862691031e+01,1.893284992101375852e-01,0.000000000000000000e+00,-1.747509062957760761e+00
1.080632500000000107e+01,2.240075000000000038e+00,1.748333904185810778e-02,1.748333904185810778e-02,5.635098426599728327e+01,5.245001712557432194e-01,0.000000000000000000e+00,1.080632500000000107e+01
8.944679166793823022e-01,3.258587499999999526e+00,3.131486773770912960e-03,3.131486773770912960e-03,6.355285036580936264e+01,9.394460321312739226e-02,0.000000000000000000e+00,8.944679166793823022e-01
2.699540749999999889e+02,-1.835124999999999951e-01,7.115981160807192604e-03,7.115981160807192604e-03,5.717273556135042867e+01,2.134794348242157747e-01,0.000000000000000000e+00,-9.004592500000001110e+01
3.586135062499999435e+02,4.430662499999999504e+00,2.342090251494874202e-03,2.342090251494874202e-03,6.232601391976432126e+01,7.026270754484623127e-02,0.000000000000000000e+00,-1.386493750000056480e+00
2.714620333336512203e+02,-9.238333332339924986e-02,8.082367316048591835e-03,8.082367316048591835e-03,4.649234386143738362e+01,2.424710194814577446e-01,0.000000000000000000e+00,-8.853796666634877965e+01
2.669008249999999975e+02,1.726624999999999965e-01,4.851721898000050867e-03,4.851721898000050867e-03,6.335325409720180545e+01,1.455516569400015225e-01,0.000000000000000000e+00,-9.309917500000000246e+01
2.763997249999999894e+02,-1.345599999999999685e+00,1.316681088494961460e-02,1.316681088494961460e-02,4.470481725075772061e+01,3.950043265484884381e-01,0.000000000000000000e+00,-8.360027500000001055e+01
2.751091249999999491e+02,9.380674986839294960e-02,3.854162728135896582e-03,3.854162728135896582e-03,4.674881485787010860e+01,1.156248818440769044e-01,0.000000000000000000e+00,-8.489087500000005093e+01
2.781336612501144145e+02,-5.273125000000000728e-01,5.456567591949123240e-03,5.456567591949123240e-03,5.120122676171647669e+01,1.636970277584736955e-01,0.000000000000000000e+00,-8.186633874988558546e+01
2.575529268741607893e+02,2.908499999999999974e-01,6.161804484539824822e-03,6.161804484539824822e-03,4.205841261457081259e+01,1.848541345361947585e-01,0.000000000000000000e+00,-1.024470731258392107e+02
2.557257712509155283e+02,1.442464996491372720e+00,8.173448771277267572e-03,8.173448771277267572e-03,4.257593132544242565e+01,2.452034631383180341e-01,0.000000000000000000e+00,-1.042742287490844717e+02
2.681702713536261626e+02,4.614999995231628543e-02,3.762899063296804101e-03,3.762899063296804101e-03,5.910883036209547470e+01,1.128869718989041204e-01,0.000000000000000000e+00,-9.182972864637383736e+01
3.579594093749999502e+02,-2.995793750000000255e+00,4.533644251905807714e-03,4.533644251905807714e-03,4.490115992119026345e+01,1.360093275571742366e-01,0.000000000000000000e+00,-2.040590625000049840e+00
3.018115232951424431e+01,2.739403124791925492e+00,2.805438412764362129e-03,2.805438412764362129e-03,3.200816915870777279e+01,8.416315238293085865e-02,0.000000000000000000e+00,3.018115232951424431e+01
2.928409015624999938e+02,-6.792859374999999922e-01,4.558221214584358416e-03,4.558221214584358416e-03,3.831413760152263137e+01,1.367466364375307664e-01,0.000000000000000000e+00,-6.715909843750000618e+01
1.865093636363636520e+01,-1.259057954545454772e+00,9.437593448258568482e-03,9.437593448258568482e-03,5.895104845047774234e+01,2.831278034477570649e-01,0.000000000000000000e+00,1.865093636363636520e+01
2.564660729171752678e+02,8.761375000000001245e-01,1.490553439622403428e-02,1.490553439622403428e-02,4.710971661611367267e+01,4.471660318867210493e-01,0.000000000000000000e+00,-1.035339270828247322e+02
2.859594500000000039e+02,-1.468000000000000138e-01,2.500000000000000052e-03,2.500000000000000052e-03,0.000000000000000000e+00,7.499999999999999722e-02,0.000000000000000000e+00,-7.404054999999999609e+01
2.443805000000000049e+01,1.046768749999999804e+00,4.391866239765168135e-03,4.391866239765168135e-03,2.054724392442269831e+01,1.317559871929550319e-01,0.000000000000000000e+00,2.443805000000000049e+01
2.702393267857142973e+02,-5.453885715552739821e-01,5.522099342969100100e-03,5.522099342969100100e-03,7.057281588943762074e+01,1.656629802890730030e-01,0.000000000000000000e+00,-8.976067321428570267e+01
9.898258333333332715e+00,-1.069316667032242041e+00,4.284578698433238152e-03,4.284578698433238152e-03,4.981659241703025032e+01,1.285373609529971428e-01,0.000000000000000000e+00,9.898258333333332715e+00
2.580947140625000316e+02,1.710187499999999972e-01,3.477730897178624853e-03,3.477730897178624853e-03,5.113596160684619463e+01,1.043319269153587525e-01,0.000000000000000000e+00,-1.019052859374999684e+02
2.567029008097331371e+02,1.041549999999999976e+00,4.916968341638823861e-03,4.916968341638823861e-03,5.363101341893077034e+01,1.475090502491647193e-01,0.000000000000000000e+00,-1.032970991902668629e+02
7.841981250095368061e+00,1.469437499451637263e+00,3.147702472489821626e-03,3.147702472489821626e-03,5.592866110171573268e+01,9.443107417469465137e-02,0.000000000000000000e+00,7.841981250095368061e+00
2.819025500000000761e+02,-9.605392857142858176e-01,4.204232363671465793e-03,4.204232363671465793e-03,3.749432406724122302e+01,1.261269709101439651e-01,0.000000000000000000e+00,-7.809744999999992388e+01
2.906557999999999993e+02,1.876250000000000140e-01,5.794293477347317763e-03,5.794293477347317763e-03,5.387348449197669709e+01,1.738288043204195277e-01,0.000000000000000000e+00,-6.934420000000000073e+01
7.510307812499999791e+00,2.000081250000000033e+00,5.184464338235742972e-03,5.184464338235742972e-03,5.443111848525804675e+01,1.555339301470722857e-01,0.000000000000000000e+00,7.510307812499999791e+00
2.918768156249999493e+02,-1.296293750000000022e+00,6.157213240709482650e-03,6.157213240709482650e-03,3.095920869304711687e+01,1.847163972212844674e-01,0.000000000000000000e+00,-6.812318437500005075e+01
2.897830854160308718e+02,-5.538026040077208556e-01,1.170300951743543164e-02,1.170300951743543164e-02,3.686520034365074139e+01,3.510902855230629283e-01,0.000000000000000000e+00,-7.021691458396912822e+01
2.613449093750000429e+02,4.651499999940395536e-01,4.594463909505390291e-03,4.594463909505390291e-03,7.569723443677897023e+01,1.378339172851617001e-01,0.000000000000000000e+00,-9.865509062499995707e+01
2.562260145832485705e+02,1.189227082867092555e+00,1.653246689729800933e-02,1.653246689729800933e-02,7.026592097530979686e+01,4.959740069189402800e-01,0.000000000000000000e+00,-1.037739854167514295e+02
2.556738255203247263e+02,8.954875000000001029e-01,2.825746397570208599e-03,2.825746397570208599e-03,3.281681093948136407e+01,8.477239192710625537e-02,0.000000000000000000e+00,-1.043261744796752737e+02
2.634367500000000106e+01,2.019174999999999720e+00,1.271685918525004323e-02,1.271685918525004323e-02,6.863573187533295084e+01,3.815057755575013143e-01,0.000000000000000000e+00,2.634367500000000106e+01
1.769070624999999808e+01,-9.465500000000000025e-01,5.335472227653147159e-03,5.335472227653147159e-03,-7.268055728154143935e+01,1.600641668295944009e-01,0.000000000000000000e+00,1.769070624999999808e+01
2.733506681249617714e+02,-1.123491500139236487e+00,5.080163334595594674e-03,5.080163334595594674e-03,5.243426392049137519e+01,1.524049000378678298e-01,0.000000000000000000e+00,-8.664933187503822865e+01
2.886962375000000520e+02,-3.071125000000000105e-01,4.138989747067467820e-03,4.138989747067467820e-03,4.688823128483328873e+01,1.241696924120240381e-01,0.000000000000000000e+00,-7.130376249999994798e+01
2.821396706241607717e+02,1.147759992532897677e-01,6.533280529855025991e-03,6.533280529855025991e-03,4.673146467244379920e+01,1.959984158956507849e-01,0.000000000000000000e+00,-7.786032937583922831e+01
2.885077625000000126e+02,4.038125000000000187e-01,6.831474043320281964e-03,6.831474043320281964e-03,4.879333502776496800e+01,2.049442212996084589e-01,0.000000000000000000e+00,-7.149223749999998745e+01
2.587881895829518726e+02,1.554019999710718691e+00,3.574002352638190952e-03,3.574002352638190952e-03,6.344631714096681208e+01,1.072200705791457320e-01,0.000000000000000000e+00,-1.012118104170481274e+02
2.870051047614506956e+02,1.487357142857142767e-01,1.818329905375544106e-02,1.818329905375544106e-02,8.489938991289498915e+01,5.454989716126632526e-01,0.000000000000000000e+00,-7.299489523854930439e+01
2.941577937499999962e+02,-8.329930001974107379e-01,5.348750078314084590e-03,5.348750078314084590e-03,5.552067445188281170e+01,1.604625023494225255e-01,0.000000000000000000e+00,-6.584220625000000382e+01
1.850189293253081146e+01,-1.334020074592317640e+00,7.538290352494142824e-03,7.538290352494142824e-03,5.713994932054437470e+01,2.261487105748242743e-01,0.000000000000000000e+00,1.850189293253081146e+01
2.607019192703247086e+02,-3.552937500000000193e-01,4.289470492033453132e-03,4.289470492033453132e-03,6.515281799836218113e+01,1.286841147610035818e-01,0.000000000000000000e+00,-9.929808072967529142e+01
2.815291848953247040e+02,-1.081468750071525653e+00,5.142318636799579970e-03,5.142318636799579970e-03,2.576185770382056717e+01,1.542695591039874026e-01,0.000000000000000000e+00,-7.847081510467529597e+01
2.751448874999999816e+02,2.802499992847442070e-02,1.068277071442266975e-02,1.068277071442266975e-02,5.245983321157063983e+01,3.204831214326800959e-01,0.000000000000000000e+00,-8.485511250000001837e+01
2.906944062500000427e+02,-2.753875000000000073e-01,8.271307909648178275e-03,8.271307909648178275e-03,6.163835872056272080e+01,2.481392372894453413e-01,0.000000000000000000e+00,-6.930559374999995725e+01
2.660655536454200387e+02,5.367062499999999403e-01,3.833857503360638738e-03,3.833857503360638738e-03,5.410557046132024084e+01,1.150157251008191578e-01,0.000000000000000000e+00,-9.393444635457996128e+01
2.556862887504577770e+02,1.061699999999999644e+00,4.240897253506968438e-03,4.240897253506968438e-03,5.085193590815667619e+01,1.272269176052090445e-01,0.000000000000000000e+00,-1.043137112495422230e+02
1.822944447879791241e+01,-2.697701562595367530e+00,6.755720813421320532e-03,6.755720813421320532e-03,4.116919024836835206e+01,2.026716244026396108e-01,0.000000000000000000e+00,1.822944447879791241e+01
3.097401071216038559e+01,-1.044178571551186652e+00,4.118064165125717192e-03,4.118064165125717192e-03,5.771478317549939874e+01,1.235419249537715175e-01,0.000000000000000000e+00,3.097401071216038559e+01
2.842703974985122954e+02,3.997219992049038106e-01,3.478819009171014390e-03,3.478819009171014390e-03,6.879669516503187765e+01,1.043645702751304361e-01,0.000000000000000000e+00,-7.572960250148770456e+01
2.665749770824432971e+02,-4.587479160308836623e-01,7.798117315663986512e-03,7.798117315663986512e-03,5.147299159271036473e+01,2.339435194699195919e-01,0.000000000000000000e+00,-9.342502291755670285e+01
2.555194041666666465e+02,9.154458333333334030e-01,1.527564802291422018e-02,1.527564802291422018e-02,4.487213079130382454e+01,4.582694406874265880e-01,0.000000000000000000e+00,-1.044805958333333535e+02
2.896752799995421697e+02,4.028749999999999692e-02,6.934845162489937549e-03,6.934845162489937549e-03,3.842157056112100832e+01,2.080453548746981352e-01,0.000000000000000000e+00,-7.032472000045783034e+01
5.332812500000000400e-01,2.309212500000000112e+00,4.387681769047331939e-03,4.387681769047331939e-03,5.449793993264887604e+01,1.316304530714199617e-01,0.000000000000000000e+00,5.332812500000000400e-01
2.607748314573287871e+02,1.531425000000000036e+00,4.420154278430279624e-03,4.420154278430279624e-03,4.700957546442607793e+01,1.326046283529083991e-01,0.000000000000000000e+00,-9.922516854267121289e+01
2.915617156250953030e+02,-2.877624999999999766e-01,3.615293337676271385e-03,3.615293337676271385e-03,6.395090408728245279e+01,1.084588001302881355e-01,0.000000000000000000e+00,-6.843828437490469696e+01
2.712921124999999165e+02,-7.992624999999999869e-01,5.288219232069497552e-03,5.288219232069497552e-03,6.489246444160512794e+01,1.586465769620849231e-01,0.000000000000000000e+00,-8.870788750000008349e+01
2.622132541610717453e+02,7.574499999999999567e-01,3.103100837175867127e-02,3.103100837175867127e-02,4.783730557521464988e+01,9.309302511527601798e-01,0.000000000000000000e+00,-9.778674583892825467e+01
2.826389267350514842e+02,-3.697624999999999940e-01,1.379500601898022739e-02,1.379500601898022739e-02,3.961998751800908281e+01,4.138501805694068114e-01,0.000000000000000000e+00,-7.736107326494851577e+01
2.678599556243896131e+02,1.115000000000000019e-01,4.140015023959162273e-03,4.140015023959162273e-03,6.306633656800742926e+01,1.242004507187748630e-01,0.000000000000000000e+00,-9.214004437561038685e+01
2.961132791660308499e+02,-1.489699999999999802e+00,1.153827368062533207e-02,1.153827368062533207e-02,5.293010443163188938e+01,3.461482104187599829e-01,0.000000000000000000e+00,-6.388672083396915014e+01
2.649188718750953626e+02,-1.101569999945163580e+00,4.368724223971557491e-03,4.368724223971557491e-03,5.012697187187464465e+01,1.310617267191467317e-01,0.000000000000000000e+00,-9.508112812490463739e+01
3.597695562499999369e+02,4.378687499999999844e+00,3.111133541205722032e-03,3.111133541205722032e-03,3.644657797019746681e+01,9.333400623617166270e-02,0.000000000000000000e+00,-2.304437500000631189e-01
